day,start,end,type,title,speaker,affiliation,abstract
Mon,08:00,09:00,opening,Registration and opening session,,,
Mon,09:00,09:50,talk,TBA,Alexei Kotov,"University of Hradec Králové, Czech Republic",
Mon,10:00,10:50,talk,TBA,Beatriz Graña Otero,"University of Salamanca, Spain",
Mon,10:50,11:20,coffee,Coffee break,,,
Mon,11:20,12:10,talk,TBA,Ariel Molinuevo,UFRJ,
Mon,12:10,14:00,lunch,Lunch,,,
Mon,14:00,14:50,talk,TBA,Valeriano Lanza,UFF,
Mon,15:00,15:30,posters,Posters,,,
Mon,15:30,16:00,coffee,Coffee break,,,
Mon,16:00,16:50,talk,TBA,Arnulfo M. Rodríguez Peña,UFMG,
Tue,08:00,09:00,reception,Reception,,,
Tue,09:00,09:50,talk,TBA,Alan Muniz,UFPE,
Tue,10:00,10:50,talk,TBA,Aline Andrade,UFMG,
Tue,10:50,11:20,coffee,Coffee break,,,
Tue,11:20,12:10,talk,TBA,Thiago Fassarella,UFF,
Tue,12:10,14:00,lunch,Lunch,,,
Tue,14:00,14:50,talk,TBA,Victor Pretti,USP,
Tue,15:00,15:30,posters,Posters,,,
Tue,15:30,16:00,coffee,Coffee break,,,
Tue,16:00,16:50,roundtable,"Round table — Doing science at the public university: access, retention and funding",,,"An open discussion with students and faculty on the path from public schools to research, the role of mathematical olympiads and undergraduate research programs, the conditions for staying in undergraduate and graduate studies, and the underfunding of research at public universities."
Wed,08:00,09:00,reception,Reception,,,
Wed,09:00,09:50,talk,TBA,Mauricio Corrêa,"University of Bari, Italy",
Wed,10:00,10:50,talk,TBA,Marcela Ribeiro,CEFET-MG,
Wed,10:50,11:20,coffee,Coffee break,,,
Wed,11:20,12:10,posters,Poster session,,,
Wed,12:10,14:00,lunch,Lunch,,,
Wed,14:00,16:50,free,Free afternoon,,,
Thu,08:00,09:00,reception,Reception,,,
Thu,09:00,09:50,talk,To be confirmed,Vladimiro Benedetti,"Université Côte d'Azur, France",
Thu,10:00,10:50,talk,TBA,Andrei Mikhailov,IFT-UNESP,
Thu,10:50,11:20,coffee,Coffee break,,,
Thu,11:20,12:10,talk,TBA,Gabriel Barbosa,UFMG (postdoc),
Thu,12:10,14:00,lunch,Lunch,,,
Thu,14:00,14:50,talk,TBA,Alexander Voronov,"University of Minnesota, USA",
Thu,15:00,15:30,posters,Posters,,,
Thu,15:30,16:00,coffee,Coffee break,,,
Thu,16:00,16:50,talk,TBA,Jorge Vitório Pereira,IMPA,
Thu,19:00,,social,Social gathering,,,
Fri,08:00,09:00,reception,Reception,,,
Fri,09:00,09:50,talk,TBA,Fernando Lourenço,UFLA,
Fri,10:00,10:50,talk,TBA,Ugo Bruzzo,UFMG,
Fri,10:50,11:20,coffee,Coffee break,,,
Fri,11:20,12:10,talk,TBA,Henrique Bursztyn,IMPA,
Fri,12:10,14:00,lunch,Lunch,,,
Fri,14:00,14:50,talk,TBA,Daniel Álvarez,IMPA,
Fri,15:00,15:30,posters,Posters,,,
Fri,15:30,16:00,coffee,Coffee break,,,
Fri,16:00,16:50,closing,Closing session,,,
